ID,Predicted
1,no
2,no
3,no
4,yes
5,no
6,no
7,no
8,no
9,no
10,no
11,no
12,no
13,no
14,no
15,no
16,no
17,no
18,no
19,no
20,no
21,no
22,no
23,yes
24,yes
25,yes
26,no
27,no
28,no
29,no
30,no
31,no
32,no
33,no
34,no
35,no
36,no
37,no
38,no
39,no
40,no
41,no
42,no
43,yes
44,no
45,no
46,no
47,no
48,no
49,no
50,no
51,no
52,yes
53,no
54,no
55,no
56,no
57,yes
58,no
59,no
60,no
61,no
62,no
63,yes
64,yes
65,yes
66,yes
67,yes
68,no
69,no
70,no
71,no
72,no
73,no
74,no
75,yes
76,yes
77,no
78,no
79,no
80,no
81,no
82,no
83,no
84,no
85,no
86,no
87,no
88,no
89,no
90,no
91,no
92,no
93,no
94,no
95,no
96,no
97,no
98,no
99,no
100,no
101,no
102,no
103,no
104,no
105,yes
106,no
107,no
108,no
109,yes
110,yes
111,no
112,no
113,no
114,yes
115,no
116,no
117,no
118,no
119,no
120,no
121,no
122,yes
123,yes
124,yes
125,yes
126,yes
127,no
128,no
129,no
130,no
131,no
132,no
133,yes
134,no
135,no
136,no
137,no
138,no
139,no
140,yes
141,no
142,no
143,yes
144,no
145,yes
146,no
147,yes
148,yes
149,no
150,no
151,no
152,no
153,no
154,no
155,no
156,no
157,no
158,no
159,no
160,no
161,no
162,no
163,no
164,no
165,no
166,no
167,no
168,no
169,yes
170,yes
171,no
172,no
173,no
174,no
175,no
176,no
177,no
178,no
179,no
180,no
181,no
182,no
183,no
184,no
185,no
186,no
187,no
188,no
189,no
190,no
191,no
192,no
193,yes
194,no
195,no
196,yes
197,no
198,yes
199,yes
200,no
201,no
202,no
203,no
204,no
205,no
206,no
207,yes
208,no
209,no
210,no
211,no
212,no
213,yes
214,no
215,no
216,no
217,no
218,no
219,no
220,no
221,yes
222,no
223,no
224,no
225,no
226,no
227,no
228,no
229,no
230,no
231,no
232,yes
233,no
234,no
235,no
236,no
237,no
238,no
239,no
240,yes
241,no
242,no
243,no
244,no
245,no
246,no
247,no
248,yes
249,no
250,no
251,no
252,no
253,no
254,no
255,no
256,no
257,no
258,no
259,no
260,no
261,no
262,no
263,no
264,yes
265,no
266,no
267,yes
268,no
269,no
270,yes
271,no
272,no
273,no
274,yes
275,yes
276,no
277,no
278,no
279,no
280,no
281,no
282,no
283,no
284,no
285,no
286,no
287,no
288,no
289,yes
290,no
291,no
292,no
293,no
294,no
295,no
296,no
297,yes
298,no
299,no
300,no
301,no
302,no
303,no
304,no
305,yes
306,yes
307,no
308,no
309,no
310,no
311,no
312,no
313,no
314,no
315,no
316,no
317,no
318,yes
319,yes
320,no
321,no
322,no
323,no
324,no
325,no
326,no
327,no
328,no
329,no
330,no
331,yes
332,yes
333,yes
334,no
335,no
336,no
337,no
338,no
339,no
340,no
341,no
342,no
343,no
344,no
345,no
346,no
347,no
348,no
349,no
350,yes
351,no
352,yes
353,no
354,no
355,no
356,no
357,no
358,no
359,no
360,no
361,yes
362,no
363,no
364,no
365,no
366,no
367,no
368,no
369,no
370,no
371,no
372,no
373,no
374,no
375,no
376,no
377,yes
378,no
379,no
380,no
381,yes
382,no
383,no
384,yes
385,no
386,no
387,no
388,no
389,no
390,no
391,no
392,no
393,no
394,no
395,no
396,no
397,no
398,no
399,no
400,no
401,no
402,no
403,no
404,no
405,no
406,yes
407,no
408,no
409,no
410,no
411,yes
412,no
413,no
414,no
415,no
416,yes
417,no
418,no
419,no
420,no
421,no
422,no
423,no
424,no
425,no
426,no
427,no
428,no
429,yes
430,no
431,no
432,no
433,no
434,no
435,no
436,no
437,no
438,no
439,no
440,no
441,no
442,no
443,no
444,no
445,no
446,no
447,no
448,no
449,no
450,no
451,no
452,no
453,no
454,no
455,yes
456,no
457,no
458,no
459,no
460,no
461,no
462,no
463,no
464,yes
465,yes
466,no
467,yes
468,no
469,no
470,no
471,no
472,no
473,no
474,no
475,no
476,no
477,no
478,no
479,no
480,yes
481,no
482,no
483,no
484,no
485,yes
486,no
487,no
488,no
489,no
490,no
491,no
492,no
493,no
494,no
495,no
496,no
497,no
498,no
499,no
500,yes
501,no
502,no
503,no
504,no
505,no
506,no
507,no
508,no
509,no
510,no
511,no
512,yes
513,no
514,no
515,no
516,yes
517,no
518,yes
519,yes
520,no
521,no
522,no
523,no
524,no
525,no
526,no
527,no
528,no
529,no
530,no
531,no
532,no
533,no
534,no
535,no
536,yes
537,no
538,no
539,no
540,yes
541,no
542,yes
543,yes
544,yes
545,no
546,yes
547,no
548,no
549,no
550,no
551,no
552,no
553,yes
554,no
555,yes
556,yes
557,yes
558,yes
559,no
560,no
561,yes
562,yes
563,yes
564,no
565,no
566,no
567,yes
568,no
569,yes
570,no
571,no
572,no
573,yes
574,yes
575,no
576,no
577,no
578,no
579,no
580,no
581,no
582,yes
583,no
584,no
585,no
586,no
587,no
588,no
589,no
590,no
591,no
592,no
593,no
594,no
595,yes
596,no
597,no
598,no
599,no
600,no
601,no
602,yes
603,no
604,no
605,no
606,no
607,no
608,no
609,no
610,no
611,no
612,no
613,no
614,no
615,no
616,no
617,no
618,no
619,no
620,no
621,no
622,no
623,no
624,no
625,no
626,no
627,no
628,no
629,no
630,no
631,no
632,no
633,no
634,no
635,no
636,no
637,yes
638,yes
639,yes
640,yes
641,yes
642,no
643,no
644,yes
645,no
646,no
647,no
648,yes
649,yes
650,no
651,no
652,no
653,no
654,no
655,no
